models,test accuracy,training accuracy,test precision,test recall,test fscore,test auc
"0,1,2,3,6",0.745,0.83,0.7094017094017094,0.83,0.7649769585253456,0.745
"1,2,3,6,7",0.745,0.805,0.7058823529411765,0.84,0.7671232876712328,0.745
"0,1,2,3,7",0.74,0.825,0.7068965517241379,0.82,0.7592592592592593,0.74
"0,1,5,6,7",0.74,0.83,0.7033898305084746,0.83,0.7614678899082569,0.74
"1,2,6,7,9",0.74,0.82,0.7,0.84,0.7636363636363637,0.74
"0,1,2,3,4",0.735,0.83,0.7043478260869566,0.81,0.7534883720930232,0.7350000000000001
"0,1,2,3,9",0.735,0.815,0.7008547008547008,0.82,0.7557603686635944,0.735
"1,4,5,6,8",0.735,0.81,0.7008547008547008,0.82,0.7557603686635944,0.735
"0,1,2,6,7",0.73,0.835,0.6854838709677419,0.85,0.7589285714285714,0.73
"0,1,6,7,8",0.73,0.825,0.6885245901639344,0.84,0.7567567567567568,0.73
"0,2,4,6,8",0.73,0.82,0.6885245901639344,0.84,0.7567567567567568,0.73
"0,2,6,7,9",0.73,0.805,0.6885245901639344,0.84,0.7567567567567568,0.73
"0,4,5,6,8",0.73,0.805,0.6916666666666667,0.83,0.7545454545454545,0.73
"1,2,3,7,9",0.73,0.795,0.6916666666666667,0.83,0.7545454545454545,0.73
"1,2,6,7,8",0.73,0.815,0.6885245901639344,0.84,0.7567567567567568,0.73
"0,1,2,3,8",0.725,0.82,0.6956521739130435,0.8,0.7441860465116279,0.7250000000000001
"1,2,3,4,6",0.725,0.815,0.6923076923076923,0.81,0.7465437788018433,0.7250000000000001
"1,2,3,6,8",0.725,0.81,0.6956521739130435,0.8,0.7441860465116279,0.7250000000000001
"1,2,3,6,9",0.725,0.82,0.6923076923076923,0.81,0.7465437788018433,0.7250000000000001
"1,2,5,6,9",0.725,0.83,0.6956521739130435,0.8,0.7441860465116279,0.7250000000000001
"1,2,5,8,9",0.725,0.805,0.6923076923076923,0.81,0.7465437788018433,0.7250000000000001
"0,1,2,5,6",0.725,0.85,0.6890756302521008,0.82,0.7488584474885844,0.725
"0,1,2,6,8",0.725,0.835,0.6829268292682927,0.84,0.7533632286995515,0.725
"0,1,2,6,9",0.725,0.835,0.6829268292682927,0.84,0.7533632286995515,0.725
"0,1,3,6,7",0.725,0.825,0.6859504132231405,0.83,0.751131221719457,0.725
"0,1,3,7,9",0.725,0.805,0.6890756302521008,0.82,0.7488584474885844,0.725
"0,1,5,6,8",0.725,0.815,0.6890756302521008,0.82,0.7488584474885844,0.725
"0,1,5,6,9",0.725,0.815,0.6890756302521008,0.82,0.7488584474885844,0.725
"0,1,5,7,8",0.725,0.815,0.6859504132231405,0.83,0.751131221719457,0.725
"0,1,6,7,9",0.725,0.81,0.6829268292682927,0.84,0.7533632286995515,0.725
"0,2,3,6,7",0.725,0.815,0.6829268292682927,0.84,0.7533632286995515,0.725
"0,2,4,5,6",0.725,0.825,0.6859504132231405,0.83,0.751131221719457,0.725
"0,2,4,6,7",0.725,0.825,0.6829268292682927,0.84,0.7533632286995515,0.725
"0,2,6,7,8",0.725,0.825,0.6829268292682927,0.84,0.7533632286995515,0.725
"0,4,5,6,7",0.725,0.795,0.6859504132231405,0.83,0.751131221719457,0.725
"0,4,5,7,8",0.725,0.795,0.6829268292682927,0.84,0.7533632286995515,0.725
"0,5,6,7,8",0.725,0.81,0.6890756302521008,0.82,0.7488584474885844,0.725
"1,2,4,6,8",0.725,0.825,0.6829268292682927,0.84,0.7533632286995515,0.725
"1,2,7,8,9",0.725,0.81,0.6859504132231405,0.83,0.751131221719457,0.725
"1,4,5,6,7",0.725,0.83,0.6890756302521008,0.82,0.7488584474885844,0.725
"0,1,2,8,9",0.72,0.81,0.680327868852459,0.83,0.7477477477477478,0.72
"0,1,3,6,9",0.72,0.825,0.6864406779661016,0.81,0.7431192660550459,0.72
"0,1,5,7,9",0.72,0.8,0.680327868852459,0.83,0.7477477477477478,0.72
"0,1,6,8,9",0.72,0.805,0.6833333333333333,0.82,0.7454545454545455,0.72
"0,2,3,7,9",0.72,0.79,0.680327868852459,0.83,0.7477477477477478,0.72
"0,2,5,6,7",0.72,0.825,0.680327868852459,0.83,0.7477477477477478,0.72
"0,2,5,6,8",0.72,0.815,0.6833333333333333,0.82,0.7454545454545455,0.72
"0,2,5,6,9",0.72,0.82,0.6833333333333333,0.82,0.7454545454545455,0.72
"0,2,5,7,8",0.72,0.805,0.6833333333333333,0.82,0.7454545454545455,0.72
"0,5,6,7,9",0.72,0.785,0.6833333333333333,0.82,0.7454545454545455,0.72
"1,2,3,4,5",0.72,0.81,0.6929824561403509,0.79,0.7383177570093458,0.72
"1,2,3,4,7",0.72,0.81,0.6833333333333333,0.82,0.7454545454545455,0.72
"1,2,4,6,7",0.72,0.835,0.6774193548387096,0.84,0.75,0.72
"1,2,4,6,9",0.72,0.815,0.6833333333333333,0.82,0.7454545454545455,0.72
"1,2,5,6,8",0.72,0.825,0.6896551724137931,0.8,0.7407407407407407,0.72
"1,2,5,7,9",0.72,0.83,0.6864406779661016,0.81,0.7431192660550459,0.72
"1,2,6,8,9",0.72,0.82,0.6864406779661016,0.81,0.7431192660550459,0.72
"1,3,5,6,9",0.72,0.805,0.6964285714285714,0.78,0.7358490566037735,0.72
"1,3,6,8,9",0.72,0.81,0.6896551724137931,0.8,0.7407407407407407,0.72
"1,4,5,7,8",0.72,0.805,0.6774193548387096,0.84,0.75,0.72
"1,5,6,7,8",0.72,0.825,0.6864406779661016,0.81,0.7431192660550459,0.72
"1,5,6,7,9",0.72,0.82,0.6864406779661016,0.81,0.7431192660550459,0.72
"2,3,4,6,9",0.72,0.775,0.6864406779661016,0.81,0.7431192660550459,0.72
"2,4,6,7,8",0.72,0.81,0.6746031746031746,0.85,0.7522123893805309,0.72
"2,4,7,8,9",0.72,0.76,0.6774193548387096,0.84,0.75,0.72
"0,1,2,4,9",0.715,0.81,0.680672268907563,0.81,0.7397260273972602,0.7150000000000001
"0,1,4,5,6",0.715,0.835,0.680672268907563,0.81,0.7397260273972602,0.7150000000000001
"0,2,3,4,5",0.715,0.81,0.680672268907563,0.81,0.7397260273972602,0.7150000000000001
"0,2,3,6,9",0.715,0.825,0.680672268907563,0.81,0.7397260273972602,0.7150000000000001
"0,3,5,6,7",0.715,0.81,0.680672268907563,0.81,0.7397260273972602,0.7150000000000001
"0,3,5,6,8",0.715,0.805,0.6837606837606838,0.8,0.7373271889400922,0.7150000000000001
"0,3,5,6,9",0.715,0.785,0.6837606837606838,0.8,0.7373271889400922,0.7150000000000001
"0,4,5,6,9",0.715,0.77,0.680672268907563,0.81,0.7397260273972602,0.7150000000000001
"1,2,3,4,8",0.715,0.805,0.680672268907563,0.81,0.7397260273972602,0.7150000000000001
"1,2,3,5,6",0.715,0.825,0.6972477064220184,0.76,0.7272727272727273,0.7150000000000001
"1,2,3,7,8",0.715,0.795,0.680672268907563,0.81,0.7397260273972602,0.7150000000000001
"1,2,3,8,9",0.715,0.8,0.6837606837606838,0.8,0.7373271889400922,0.7150000000000001
"1,2,4,5,6",0.715,0.825,0.680672268907563,0.81,0.7397260273972602,0.7150000000000001
"1,2,5,6,7",0.715,0.82,0.680672268907563,0.81,0.7397260273972602,0.7150000000000001
"1,4,5,6,9",0.715,0.795,0.6837606837606838,0.8,0.7373271889400922,0.7150000000000001
"1,5,6,8,9",0.715,0.795,0.6837606837606838,0.8,0.7373271889400922,0.7150000000000001
"2,3,4,5,6",0.715,0.795,0.680672268907563,0.81,0.7397260273972602,0.7150000000000001
"2,3,4,5,9",0.715,0.77,0.680672268907563,0.81,0.7397260273972602,0.7150000000000001
"2,3,5,6,9",0.715,0.8,0.6869565217391305,0.79,0.7348837209302326,0.7150000000000001
"2,4,5,6,8",0.715,0.81,0.680672268907563,0.81,0.7397260273972602,0.7150000000000001
"2,4,5,6,9",0.715,0.78,0.680672268907563,0.81,0.7397260273972602,0.7150000000000001
"2,5,6,8,9",0.715,0.8,0.680672268907563,0.81,0.7397260273972602,0.7150000000000001
"0,1,2,4,6",0.715,0.855,0.6776859504132231,0.82,0.7420814479638009,0.715
"0,1,2,4,8",0.715,0.835,0.6776859504132231,0.82,0.7420814479638009,0.715
"0,1,2,5,9",0.715,0.83,0.6776859504132231,0.82,0.7420814479638009,0.715
"0,1,2,7,9",0.715,0.815,0.6747967479674797,0.83,0.7443946188340808,0.715
"0,1,3,6,8",0.715,0.825,0.6776859504132231,0.82,0.7420814479638009,0.715
"0,1,3,7,8",0.715,0.815,0.6776859504132231,0.82,0.7420814479638009,0.715
"0,2,4,5,8",0.715,0.815,0.6776859504132231,0.82,0.7420814479638009,0.715
"0,2,4,5,9",0.715,0.775,0.6747967479674797,0.83,0.7443946188340808,0.715
"0,2,4,6,9",0.715,0.785,0.6776859504132231,0.82,0.7420814479638009,0.715
"0,2,5,7,9",0.715,0.795,0.6776859504132231,0.82,0.7420814479638009,0.715
"0,2,5,8,9",0.715,0.8,0.6776859504132231,0.82,0.7420814479638009,0.715
"0,4,5,7,9",0.715,0.765,0.6747967479674797,0.83,0.7443946188340808,0.715
"0,5,7,8,9",0.715,0.775,0.6776859504132231,0.82,0.7420814479638009,0.715
"1,2,4,5,9",0.715,0.785,0.6776859504132231,0.82,0.7420814479638009,0.715
"1,2,4,7,9",0.715,0.785,0.6747967479674797,0.83,0.7443946188340808,0.715
"1,2,4,8,9",0.715,0.785,0.672,0.84,0.7466666666666667,0.715
"1,4,5,7,9",0.715,0.765,0.6747967479674797,0.83,0.7443946188340808,0.715
"1,4,5,8,9",0.715,0.78,0.6747967479674797,0.83,0.7443946188340808,0.715
"1,4,6,7,8",0.715,0.815,0.6747967479674797,0.83,0.7443946188340808,0.715
"2,3,6,7,9",0.715,0.795,0.6776859504132231,0.82,0.7420814479638009,0.715
"2,4,5,6,7",0.715,0.825,0.6747967479674797,0.83,0.7443946188340808,0.715
"2,4,6,7,9",0.715,0.78,0.6747967479674797,0.83,0.7443946188340808,0.715
"2,5,6,7,9",0.715,0.815,0.6776859504132231,0.82,0.7420814479638009,0.715
"2,6,7,8,9",0.715,0.81,0.6776859504132231,0.82,0.7420814479638009,0.715
"0,1,2,3,5",0.71,0.84,0.6909090909090909,0.76,0.7238095238095238,0.71
"0,1,2,4,5",0.71,0.85,0.6779661016949152,0.8,0.7339449541284404,0.71
"0,1,2,4,7",0.71,0.82,0.675,0.81,0.7363636363636363,0.71
"0,1,2,7,8",0.71,0.83,0.6693548387096774,0.83,0.7410714285714286,0.71
"0,1,3,5,7",0.71,0.83,0.6810344827586207,0.79,0.7314814814814815,0.71
"0,1,3,8,9",0.71,0.795,0.675,0.81,0.7363636363636363,0.71
"0,1,4,5,7",0.71,0.805,0.675,0.81,0.7363636363636363,0.71
"0,1,4,6,8",0.71,0.825,0.6721311475409836,0.82,0.7387387387387387,0.71
"0,1,5,8,9",0.71,0.805,0.6721311475409836,0.82,0.7387387387387387,0.71
"0,1,7,8,9",0.71,0.79,0.6693548387096774,0.83,0.7410714285714286,0.71
"0,2,3,4,6",0.71,0.825,0.675,0.81,0.7363636363636363,0.71
"0,2,4,5,7",0.71,0.81,0.6721311475409836,0.82,0.7387387387387387,0.71
"0,2,4,7,8",0.71,0.805,0.6666666666666666,0.84,0.7433628318584071,0.71
"0,2,4,7,9",0.71,0.775,0.6693548387096774,0.83,0.7410714285714286,0.71
"0,2,4,8,9",0.71,0.78,0.6666666666666666,0.84,0.7433628318584071,0.71
"0,2,6,8,9",0.71,0.815,0.675,0.81,0.7363636363636363,0.71
"0,2,7,8,9",0.71,0.79,0.6693548387096774,0.83,0.7410714285714286,0.71
"0,4,5,8,9",0.71,0.765,0.6693548387096774,0.83,0.7410714285714286,0.71
"0,4,6,7,8",0.71,0.79,0.6693548387096774,0.83,0.7410714285714286,0.71
"0,4,6,7,9",0.71,0.785,0.6721311475409836,0.82,0.7387387387387387,0.71
"0,5,6,8,9",0.71,0.795,0.675,0.81,0.7363636363636363,0.71
"1,2,3,4,9",0.71,0.79,0.675,0.81,0.7363636363636363,0.71
"1,2,3,5,7",0.71,0.815,0.6875,0.77,0.7264150943396226,0.71
"1,2,4,5,8",0.71,0.81,0.675,0.81,0.7363636363636363,0.71
"1,2,4,7,8",0.71,0.82,0.6666666666666666,0.84,0.7433628318584071,0.71
"1,2,5,7,8",0.71,0.825,0.675,0.81,0.7363636363636363,0.71
"1,3,5,6,7",0.71,0.81,0.6810344827586207,0.79,0.7314814814814815,0.71
"1,3,5,7,9",0.71,0.78,0.6779661016949152,0.8,0.7339449541284404,0.71
"1,3,6,7,9",0.71,0.795,0.675,0.81,0.7363636363636363,0.71
"1,3,7,8,9",0.71,0.785,0.6721311475409836,0.82,0.7387387387387387,0.71
"1,4,6,7,9",0.71,0.795,0.6721311475409836,0.82,0.7387387387387387,0.71
"1,5,7,8,9",0.71,0.785,0.6721311475409836,0.82,0.7387387387387387,0.71
"2,3,5,6,8",0.71,0.815,0.6779661016949152,0.8,0.7339449541284404,0.71
"2,3,5,8,9",0.71,0.775,0.6779661016949152,0.8,0.7339449541284404,0.71
"2,4,5,7,9",0.71,0.745,0.6721311475409836,0.82,0.7387387387387387,0.71
"2,4,5,8,9",0.71,0.775,0.675,0.81,0.7363636363636363,0.71
"2,4,6,8,9",0.71,0.785,0.675,0.81,0.7363636363636363,0.71
"2,5,6,7,8",0.71,0.825,0.6721311475409836,0.82,0.7387387387387387,0.71
"3,4,5,6,9",0.71,0.76,0.6779661016949152,0.8,0.7339449541284404,0.71
"4,5,6,8,9",0.71,0.775,0.675,0.81,0.7363636363636363,0.71
"4,5,7,8,9",0.71,0.75,0.6693548387096774,0.83,0.7410714285714286,0.71
"0,1,2,5,7",0.705,0.85,0.6694214876033058,0.81,0.7330316742081447,0.7050000000000001
"0,1,3,4,6",0.705,0.825,0.6694214876033058,0.81,0.7330316742081447,0.7050000000000001
"0,1,3,4,9",0.705,0.77,0.6722689075630253,0.8,0.730593607305936,0.7050000000000001
"0,1,3,5,6",0.705,0.83,0.6782608695652174,0.78,0.7255813953488373,0.7050000000000001
"0,1,3,5,9",0.705,0.8,0.6782608695652174,0.78,0.7255813953488373,0.7050000000000001
"0,1,4,5,9",0.705,0.795,0.6694214876033058,0.81,0.7330316742081447,0.7050000000000001
"0,2,3,4,9",0.705,0.77,0.6694214876033058,0.81,0.7330316742081447,0.7050000000000001
"0,2,3,5,6",0.705,0.835,0.6752136752136753,0.79,0.728110599078341,0.7050000000000001
"0,2,3,5,9",0.705,0.795,0.6752136752136753,0.79,0.728110599078341,0.7050000000000001
"0,3,4,5,6",0.705,0.785,0.6782608695652174,0.78,0.7255813953488373,0.7050000000000001
"0,3,5,7,9",0.705,0.755,0.6694214876033058,0.81,0.7330316742081447,0.7050000000000001
"0,3,5,8,9",0.705,0.775,0.6722689075630253,0.8,0.730593607305936,0.7050000000000001
"0,3,6,8,9",0.705,0.785,0.6722689075630253,0.8,0.730593607305936,0.7050000000000001
"1,2,3,5,9",0.705,0.81,0.6814159292035398,0.77,0.7230046948356808,0.7050000000000001
"1,3,4,6,9",0.705,0.785,0.6722689075630253,0.8,0.730593607305936,0.7050000000000001
"1,3,4,8,9",0.705,0.77,0.6722689075630253,0.8,0.730593607305936,0.7050000000000001
"1,3,5,6,8",0.705,0.815,0.6782608695652174,0.78,0.7255813953488373,0.7050000000000001
"1,3,5,8,9",0.705,0.78,0.6752136752136753,0.79,0.728110599078341,0.7050000000000001
"1,6,7,8,9",0.705,0.815,0.6694214876033058,0.81,0.7330316742081447,0.7050000000000001
"3,4,5,6,8",0.705,0.785,0.6722689075630253,0.8,0.730593607305936,0.7050000000000001
"3,4,5,7,8",0.705,0.77,0.6694214876033058,0.81,0.7330316742081447,0.7050000000000001
"3,5,6,7,8",0.705,0.815,0.6694214876033058,0.81,0.7330316742081447,0.7050000000000001
"3,5,6,7,9",0.705,0.79,0.6694214876033058,0.81,0.7330316742081447,0.7050000000000001
"3,5,7,8,9",0.705,0.765,0.6694214876033058,0.81,0.7330316742081447,0.7050000000000001
"4,5,6,7,9",0.705,0.75,0.6694214876033058,0.81,0.7330316742081447,0.7050000000000001
"5,6,7,8,9",0.705,0.79,0.6694214876033058,0.81,0.7330316742081447,0.7050000000000001
"0,1,2,5,8",0.705,0.825,0.6666666666666666,0.82,0.7354260089686099,0.705
"0,1,4,5,8",0.705,0.83,0.6666666666666666,0.82,0.7354260089686099,0.705
"0,1,4,6,7",0.705,0.81,0.6666666666666666,0.82,0.7354260089686099,0.705
"0,2,3,4,7",0.705,0.8,0.6666666666666666,0.82,0.7354260089686099,0.705
"0,3,6,7,8",0.705,0.805,0.6666666666666666,0.82,0.7354260089686099,0.705
"0,3,7,8,9",0.705,0.765,0.6666666666666666,0.82,0.7354260089686099,0.705
"1,4,7,8,9",0.705,0.78,0.664,0.83,0.7377777777777778,0.705
"2,3,4,7,9",0.705,0.755,0.6666666666666666,0.82,0.7354260089686099,0.705
"4,5,6,7,8",0.705,0.79,0.664,0.83,0.7377777777777778,0.705
"0,1,4,6,9",0.7,0.805,0.6639344262295082,0.81,0.7297297297297297,0.7
"0,1,4,8,9",0.7,0.795,0.6639344262295082,0.81,0.7297297297297297,0.7
"0,2,3,5,7",0.7,0.82,0.6694915254237288,0.79,0.7247706422018348,0.7
"0,2,3,6,8",0.7,0.83,0.6666666666666666,0.8,0.7272727272727273,0.7
"0,2,3,7,8",0.7,0.805,0.6639344262295082,0.81,0.7297297297297297,0.7
"0,2,3,8,9",0.7,0.79,0.6666666666666666,0.8,0.7272727272727273,0.7
"0,3,4,7,8",0.7,0.78,0.6612903225806451,0.82,0.7321428571428571,0.7
"0,3,6,7,9",0.7,0.785,0.6639344262295082,0.81,0.7297297297297297,0.7
"0,4,6,8,9",0.7,0.785,0.6666666666666666,0.8,0.7272727272727273,0.7
"0,4,7,8,9",0.7,0.785,0.6587301587301587,0.83,0.7345132743362832,0.7
"0,6,7,8,9",0.7,0.785,0.6639344262295082,0.81,0.7297297297297297,0.7
"1,2,3,5,8",0.7,0.815,0.6754385964912281,0.77,0.719626168224299,0.7
"1,2,4,5,7",0.7,0.83,0.6639344262295082,0.81,0.7297297297297297,0.7
"1,3,4,5,6",0.7,0.805,0.6785714285714286,0.76,0.7169811320754716,0.7
"1,3,4,6,8",0.7,0.81,0.6666666666666666,0.8,0.7272727272727273,0.7
"1,3,6,7,8",0.7,0.81,0.6612903225806451,0.82,0.7321428571428571,0.7
"1,4,6,8,9",0.7,0.8,0.6666666666666666,0.8,0.7272727272727273,0.7
"2,3,4,5,8",0.7,0.785,0.6639344262295082,0.81,0.7297297297297297,0.7
"2,3,4,6,8",0.7,0.795,0.6666666666666666,0.8,0.7272727272727273,0.7
"2,3,4,8,9",0.7,0.76,0.6666666666666666,0.8,0.7272727272727273,0.7
"2,3,5,7,9",0.7,0.785,0.6694915254237288,0.79,0.7247706422018348,0.7
"2,3,6,8,9",0.7,0.8,0.6724137931034483,0.78,0.7222222222222222,0.7
"2,5,7,8,9",0.7,0.79,0.6639344262295082,0.81,0.7297297297297297,0.7
"3,4,6,8,9",0.7,0.765,0.6666666666666666,0.8,0.7272727272727273,0.7
"0,1,3,4,7",0.695,0.805,0.6585365853658537,0.81,0.726457399103139,0.6950000000000001
"0,1,3,5,8",0.695,0.815,0.6695652173913044,0.77,0.7162790697674418,0.6950000000000001
"0,1,4,7,9",0.695,0.78,0.6585365853658537,0.81,0.726457399103139,0.6950000000000001
"0,2,3,4,8",0.695,0.8,0.6585365853658537,0.81,0.726457399103139,0.6950000000000001
"0,2,3,5,8",0.695,0.805,0.6638655462184874,0.79,0.7214611872146118,0.6950000000000001
"0,3,4,5,7",0.695,0.765,0.6611570247933884,0.8,0.7239819004524887,0.6950000000000001
"0,3,4,5,8",0.695,0.785,0.6638655462184874,0.79,0.7214611872146118,0.6950000000000001
"0,3,4,6,8",0.695,0.79,0.6611570247933884,0.8,0.7239819004524887,0.6950000000000001
"0,3,4,6,9",0.695,0.76,0.6611570247933884,0.8,0.7239819004524887,0.6950000000000001
"0,3,5,7,8",0.695,0.785,0.6611570247933884,0.8,0.7239819004524887,0.6950000000000001
"1,3,4,5,9",0.695,0.775,0.6695652173913044,0.77,0.7162790697674418,0.6950000000000001
"1,3,4,7,9",0.695,0.775,0.6585365853658537,0.81,0.726457399103139,0.6950000000000001
"2,3,4,6,7",0.695,0.79,0.6535433070866141,0.83,0.7312775330396476,0.6950000000000001
"2,3,5,6,7",0.695,0.815,0.6611570247933884,0.8,0.7239819004524887,0.6950000000000001
"2,3,7,8,9",0.695,0.785,0.6611570247933884,0.8,0.7239819004524887,0.6950000000000001
"2,4,5,7,8",0.695,0.8,0.6585365853658537,0.81,0.726457399103139,0.6950000000000001
"3,4,5,7,9",0.695,0.74,0.6611570247933884,0.8,0.7239819004524887,0.6950000000000001
"3,4,5,8,9",0.695,0.755,0.6611570247933884,0.8,0.7239819004524887,0.6950000000000001
"3,4,6,7,9",0.695,0.755,0.6585365853658537,0.81,0.726457399103139,0.6950000000000001
"3,5,6,8,9",0.695,0.78,0.6638655462184874,0.79,0.7214611872146118,0.6950000000000001
"4,6,7,8,9",0.695,0.765,0.6611570247933884,0.8,0.7239819004524887,0.6950000000000001
"1,3,4,7,8",0.695,0.805,0.656,0.82,0.7288888888888889,0.695
"0,1,3,4,8",0.69,0.8,0.6532258064516129,0.81,0.7232142857142857,0.69
"0,1,4,7,8",0.69,0.795,0.6532258064516129,0.81,0.7232142857142857,0.69
"0,3,4,5,9",0.69,0.76,0.6610169491525424,0.78,0.7155963302752294,0.69
"0,3,4,8,9",0.69,0.765,0.6557377049180327,0.8,0.7207207207207207,0.69
"1,3,4,5,7",0.69,0.8,0.6583333333333333,0.79,0.7181818181818181,0.69
"1,3,5,7,8",0.69,0.8,0.6583333333333333,0.79,0.7181818181818181,0.69
"2,3,4,5,7",0.69,0.78,0.6507936507936508,0.82,0.7256637168141593,0.69
"2,3,4,7,8",0.69,0.78,0.6507936507936508,0.82,0.7256637168141593,0.69
"2,3,5,7,8",0.69,0.81,0.6583333333333333,0.79,0.7181818181818181,0.69
"2,3,6,7,8",0.69,0.81,0.6532258064516129,0.81,0.7232142857142857,0.69
"3,4,5,6,7",0.69,0.78,0.6557377049180327,0.8,0.7207207207207207,0.69
"3,4,6,7,8",0.69,0.785,0.6532258064516129,0.81,0.7232142857142857,0.69
"3,4,7,8,9",0.69,0.75,0.6532258064516129,0.81,0.7232142857142857,0.69
"0,1,3,4,5",0.685,0.81,0.6581196581196581,0.77,0.7096774193548387,0.685
"0,3,4,6,7",0.685,0.79,0.648,0.81,0.72,0.685
"0,3,4,7,9",0.685,0.76,0.648,0.81,0.72,0.685
"1,3,4,5,8",0.685,0.79,0.6554621848739496,0.78,0.7123287671232876,0.685
"1,3,4,6,7",0.685,0.805,0.648,0.81,0.72,0.685
"3,6,7,8,9",0.685,0.8,0.6504065040650406,0.8,0.7174887892376681,0.685
