,encoding,test accuracy,training accuracy,combined accuracy,test precision,test recall,test fscore,test auc,training time
0,"16,16,5,16,4,13,17,15,6,12,9,7,19,10,10",0.695,0.815,0.725,0.6695652173913044,0.77,0.7162790697674418,0.6950000000000001,9.563255786895752
0,"16,16,5,16,4,13,17,15,6,12,14,7,19,10,10",0.69,0.83,0.725,0.6792452830188679,0.72,0.6990291262135923,0.69,9.888177394866943
0,"16,16,0,16,15,13,4,3,11,20,15,13,8,9,10",0.71,0.77,0.725,0.7058823529411765,0.72,0.7128712871287128,0.71,8.633916139602661
0,"19,16,5,16,4,12,17,15,6,12,14,7,19,10,10",0.67,0.89,0.725,0.646551724137931,0.75,0.6944444444444444,0.6699999999999999,12.5383460521698
0,"0,16,5,16,4,12,17,15,6,12,14,7,19,10,2",0.685,0.835,0.7225,0.6554621848739496,0.78,0.7123287671232876,0.685,17.88841938972473
0,"19,16,5,5,4,19,17,15,6,12,14,7,19,10,9",0.675,0.85,0.7187500000000001,0.6521739130434783,0.75,0.6976744186046512,0.675,17.634372234344482
0,"19,17,17,15,6,12,3,7,15,10,0,18,11,22,7",0.685,0.8,0.7137500000000001,0.6528925619834711,0.79,0.7149321266968326,0.685,13.800892353057861
0,"5,6,16,22,13,18,16,6,17,21,12,13,11,8,5",0.695,0.76,0.7112499999999999,0.6444444444444445,0.87,0.7404255319148936,0.6950000000000001,10.760231971740723
0,"17,4,18,5,4,16,8,15,19,8,23,13,15,0,10",0.64,0.925,0.7112499999999999,0.6428571428571429,0.63,0.6363636363636364,0.64,10.079232454299927
0,"19,16,5,4,6,8,17,15,17,5,18,14,3,10,8",0.67,0.835,0.7112499999999999,0.6545454545454545,0.72,0.6857142857142857,0.6699999999999999,17.277607202529907
0,"5,6,16,22,13,18,17,6,6,21,12,13,11,8,5",0.675,0.815,0.7100000000000001,0.6495726495726496,0.76,0.7004608294930875,0.675,11.116688251495361
0,"0,16,5,21,4,2,15,15,17,12,14,7,19,10,10",0.68,0.8,0.71,0.6607142857142857,0.74,0.6981132075471698,0.6799999999999999,12.67377233505249
0,"17,4,18,5,4,16,18,3,11,8,5,13,15,0,11",0.66,0.86,0.71,0.6666666666666666,0.64,0.6530612244897959,0.66,9.15581488609314
0,"19,16,5,16,4,12,17,15,6,12,14,14,19,10,7",0.675,0.81,0.7087500000000001,0.6356589147286822,0.82,0.7161572052401747,0.675,14.361172676086426
0,"0,16,5,22,4,17,17,15,4,12,14,7,19,10,11",0.67,0.825,0.70875,0.6931818181818182,0.61,0.648936170212766,0.6699999999999999,9.406753778457642
0,"0,16,5,22,4,17,17,15,6,12,14,7,19,10,11",0.67,0.825,0.70875,0.6931818181818182,0.61,0.648936170212766,0.6699999999999999,8.709230661392212
0,"19,16,18,6,2,11,19,5,5,12,6,12,10,11,10",0.69,0.765,0.70875,0.6583333333333333,0.79,0.7181818181818181,0.69,9.560712099075317
0,"0,16,5,16,4,12,17,15,4,12,14,11,19,10,7",0.67,0.82,0.7075,0.673469387755102,0.66,0.6666666666666666,0.67,8.153593063354492
0,"19,16,5,18,4,10,17,15,4,12,14,18,19,10,10",0.685,0.775,0.7075,0.6554621848739496,0.78,0.7123287671232876,0.685,16.89440107345581
0,"16,12,18,18,6,5,7,0,12,3,11,13,15,11,10",0.68,0.78,0.7050000000000001,0.6730769230769231,0.7,0.6862745098039216,0.6799999999999999,11.023186683654785
0,"17,23,15,5,18,16,3,6,17,4,6,17,23,11,11",0.685,0.76,0.7037500000000001,0.6761904761904762,0.71,0.6926829268292682,0.685,2626.392806529999
0,"19,16,5,5,4,19,17,17,6,12,14,7,15,10,9",0.66,0.835,0.7037499999999999,0.635593220338983,0.75,0.6880733944954128,0.6599999999999999,17.997461557388306
0,"19,17,17,15,6,12,12,7,19,10,11,11,11,22,0",0.67,0.795,0.7012499999999999,0.646551724137931,0.75,0.6944444444444444,0.6699999999999999,12.374682188034058
0,"5,6,16,22,13,18,16,15,6,16,12,13,11,8,5",0.66,0.815,0.69875,0.625,0.8,0.7017543859649122,0.66,17.255234479904175
0,"19,16,5,16,4,12,17,15,4,12,14,5,19,10,7",0.66,0.81,0.6975,0.625,0.8,0.7017543859649122,0.66,11.342880725860596
0,"19,16,4,5,8,19,5,14,9,9,2,19,12,15,9",0.66,0.805,0.69625,0.66,0.66,0.66,0.66,12.914765119552612
0,"0,19,17,15,6,13,12,9,19,6,11,11,8,22,0",0.645,0.85,0.69625,0.6239316239316239,0.73,0.6728110599078341,0.645,32.60684084892273
0,"0,19,17,15,6,12,14,7,19,10,11,8,11,22,0",0.635,0.875,0.6950000000000001,0.68,0.51,0.5828571428571429,0.635,22.973395347595215
0,"5,6,16,22,13,18,16,6,17,16,12,13,11,8,5",0.65,0.83,0.6950000000000001,0.6190476190476191,0.78,0.6902654867256637,0.65,29.41506266593933
0,"4,17,17,15,6,12,14,7,19,10,11,11,11,22,0",0.625,0.9,0.69375,0.6237623762376238,0.63,0.6268656716417911,0.625,15.41379976272583
0,"16,18,18,5,2,2,19,5,5,12,6,12,10,11,4",0.68,0.73,0.6925,0.65,0.78,0.7090909090909091,0.6799999999999999,14.063141107559204
0,"18,6,19,18,11,16,2,21,12,5,22,13,18,9,10",0.665,0.775,0.6925,0.6386554621848739,0.76,0.6940639269406392,0.665,21.244369506835938
0,"16,18,18,5,2,0,19,5,5,12,6,12,10,11,4",0.68,0.73,0.6925,0.65,0.78,0.7090909090909091,0.6799999999999999,13.822065830230713
0,"18,6,19,18,11,16,2,12,12,5,22,15,18,9,10",0.69,0.685,0.68875,0.6610169491525424,0.78,0.7155963302752294,0.69,20.49673366546631
0,"19,17,0,16,15,12,3,10,15,15,10,13,0,9,6",0.67,0.74,0.6875,0.6287878787878788,0.83,0.7155172413793104,0.6699999999999999,12.177253246307373
0,"19,16,5,22,6,8,17,15,17,5,18,19,3,10,8",0.635,0.845,0.6875,0.6261682242990654,0.67,0.6473429951690821,0.635,54.86494278907776
0,"19,14,15,16,18,16,17,6,17,4,6,17,23,11,11",0.68,0.7,0.685,0.6914893617021277,0.65,0.6701030927835051,0.6799999999999999,10.192332744598389
0,"0,16,19,18,11,16,2,21,12,5,22,13,18,9,10",0.67,0.73,0.685,0.673469387755102,0.66,0.6666666666666666,0.67,15.436923027038574
0,"18,6,19,18,11,16,2,21,12,5,22,15,18,9,10",0.675,0.705,0.6825000000000001,0.6548672566371682,0.74,0.6948356807511737,0.675,19.759953260421753
0,"16,12,18,18,6,5,7,21,12,3,11,13,18,11,10",0.675,0.695,0.68,0.6699029126213593,0.69,0.6798029556650246,0.675,12.357994079589844
0,"16,18,0,16,15,13,4,3,13,20,15,8,8,9,10",0.66,0.74,0.6799999999999999,0.626984126984127,0.79,0.6991150442477876,0.66,8.747340679168701
0,"19,18,18,6,2,11,19,5,5,12,6,12,10,11,10",0.66,0.72,0.675,0.6333333333333333,0.76,0.6909090909090909,0.66,17.33018183708191
0,"16,23,15,16,18,15,17,6,17,4,6,14,0,11,19",0.65,0.745,0.6737500000000001,0.6442307692307693,0.67,0.6568627450980392,0.65,11.021467924118042
0,"18,16,5,16,4,12,17,15,4,12,14,7,19,10,7",0.63,0.8,0.6725000000000001,0.5844155844155844,0.9,0.7086614173228346,0.63,25.734728813171387
0,"17,4,18,16,2,12,19,5,5,12,6,13,10,11,10",0.66,0.71,0.6724999999999999,0.6194029850746269,0.83,0.7094017094017094,0.6599999999999999,8.015060424804688
0,"19,16,5,22,6,8,17,15,17,5,18,5,3,10,8",0.67,0.68,0.6724999999999999,0.625,0.85,0.7203389830508474,0.6699999999999999,12.599192142486572
0,"5,4,0,18,15,12,3,21,15,15,0,13,0,9,7",0.645,0.75,0.67125,0.6178861788617886,0.76,0.6816143497757847,0.645,9.937188625335693
0,"5,6,0,19,15,18,13,6,13,16,20,13,11,9,7",0.625,0.795,0.6675,0.6016260162601627,0.74,0.6636771300448431,0.625,11.097693681716919
0,"17,18,19,18,11,15,3,21,10,5,5,6,18,9,10",0.655,0.7,0.66625,0.6867469879518072,0.57,0.6229508196721312,0.655,20.31417179107666
0,"6,4,19,18,11,15,3,21,15,5,0,17,18,9,7",0.655,0.685,0.6625000000000001,0.628099173553719,0.76,0.6877828054298643,0.655,15.377670764923096
0,"6,5,19,18,11,15,3,21,15,5,0,17,18,9,7",0.655,0.67,0.65875,0.628099173553719,0.76,0.6877828054298643,0.655,15.148483753204346
0,"6,5,19,18,11,15,3,21,15,5,15,17,18,9,7",0.615,0.765,0.6525,0.6236559139784946,0.58,0.6010362694300518,0.615,17.87721347808838
0,"18,6,19,18,11,16,2,15,12,5,22,15,14,9,10",0.635,0.695,0.65,0.6046511627906976,0.78,0.6812227074235808,0.635,19.940683603286743
0,"0,19,14,15,6,13,12,9,2,6,17,13,8,22,10",0.605,0.77,0.64625,0.6039603960396039,0.61,0.6069651741293532,0.605,10.791536569595337
0,"0,16,18,16,4,16,17,15,11,8,15,13,15,10,10",0.64,0.665,0.64625,0.6228070175438597,0.71,0.6635514018691588,0.6399999999999999,9.357455253601074
0,"19,14,15,16,18,16,17,6,15,4,6,17,23,11,11",0.62,0.715,0.6437499999999999,0.6578947368421053,0.5,0.5681818181818182,0.62,9.649444103240967
0,"5,6,0,19,15,12,13,17,13,15,20,13,15,9,7",0.65,0.62,0.6425000000000001,0.6,0.9,0.72,0.65,10.685460567474365
0,"17,14,16,16,13,18,17,6,6,21,12,17,11,11,5",0.625,0.68,0.63875,0.7551020408163265,0.37,0.4966442953020134,0.625,9.6399085521698
0,"6,5,19,18,11,15,3,19,15,5,15,17,18,9,7",0.63,0.65,0.635,0.589041095890411,0.86,0.6991869918699187,0.63,16.45468759536743
0,"18,6,19,18,11,16,7,21,12,5,11,15,18,9,10",0.62,0.665,0.63125,0.6395348837209303,0.55,0.5913978494623656,0.62,19.444040536880493
0,"19,17,14,15,6,12,12,10,2,15,17,13,0,22,10",0.63,0.63,0.63,0.5984848484848485,0.79,0.6810344827586207,0.63,10.608354568481445
0,"17,14,15,5,18,16,17,6,6,4,14,17,23,11,11",0.61,0.685,0.62875,0.5859375,0.75,0.6578947368421053,0.61,7.848853349685669
0,"18,6,19,18,11,16,2,21,12,5,22,15,19,9,10",0.625,0.635,0.6275,0.5912408759124088,0.81,0.6835443037974683,0.625,21.162346601486206
0,"16,14,15,16,18,15,17,22,15,4,6,14,0,11,19",0.6,0.705,0.62625,0.5980392156862745,0.61,0.6039603960396039,0.6,8.833816528320312
0,"18,6,19,18,11,16,2,15,12,5,22,15,19,9,10",0.61,0.655,0.6212500000000001,0.6964285714285714,0.39,0.5,0.61,22.439896821975708
0,"19,17,4,17,11,13,15,13,17,19,8,23,11,16,18",0.61,0.655,0.6212500000000001,0.6037735849056604,0.64,0.6213592233009708,0.61,14.073192358016968
0,"0,16,18,5,4,16,4,17,11,8,15,13,15,0,10",0.62,0.62,0.62,0.6153846153846154,0.64,0.6274509803921569,0.62,8.167586326599121
0,"17,23,15,5,18,16,17,6,17,4,6,17,23,11,11",0.615,0.63,0.61875,0.7804878048780488,0.32,0.45390070921985815,0.615,10.466485738754272
0,"16,16,18,5,4,16,18,15,11,8,8,13,15,0,11",0.63,0.585,0.61875,0.6083333333333333,0.73,0.6636363636363637,0.63,7.161879777908325
0,"0,19,0,16,15,12,10,10,14,15,10,13,0,6,6",0.62,0.595,0.61375,0.59375,0.76,0.6666666666666666,0.62,8.905493259429932
0,"0,17,17,16,6,12,12,7,19,10,11,11,11,22,6",0.61,0.615,0.6112500000000001,0.5887096774193549,0.73,0.6517857142857143,0.61,12.249301195144653
0,"17,14,16,5,13,18,17,6,6,21,12,17,11,11,5",0.6,0.61,0.6025,0.5704225352112676,0.81,0.6694214876033058,0.6000000000000001,7.883277416229248
0,"19,14,15,16,18,16,17,6,17,16,6,17,23,11,11",0.6,0.605,0.6012500000000001,0.7777777777777778,0.28,0.4117647058823529,0.6000000000000001,12.654050588607788
0,"19,16,5,22,6,8,17,15,6,5,18,19,3,10,8",0.51,0.815,0.5862499999999999,0.5116279069767442,0.44,0.4731182795698925,0.51,20.132002115249634
0,"0,18,2,14,5,6,16,13,21,8,12,10,22,17,12",0.555,0.675,0.585,0.5846153846153846,0.38,0.46060606060606063,0.5549999999999999,9.994105339050293
0,"19,17,18,5,4,16,17,15,6,8,15,23,15,0,10",0.56,0.655,0.58375,0.575,0.46,0.5111111111111111,0.56,12.747071743011475
0,"19,14,0,16,10,19,17,6,17,12,3,20,12,11,20",0.58,0.58,0.5800000000000001,0.625,0.4,0.4878048780487805,0.5800000000000001,12.180210590362549
0,"16,14,15,16,18,16,17,6,17,4,6,17,23,11,11",0.575,0.565,0.5725,0.5454545454545454,0.9,0.6792452830188679,0.575,8.84985613822937
0,"14,17,17,15,6,12,12,7,19,10,11,11,11,22,0",0.575,0.55,0.56875,0.5423728813559322,0.96,0.6931407942238267,0.575,9.104731321334839
0,"16,23,16,5,13,18,17,6,6,21,12,20,11,11,5",0.565,0.565,0.565,0.5371428571428571,0.94,0.6836363636363636,0.565,8.579469680786133
0,"17,23,15,5,18,16,17,6,6,4,14,17,23,11,11",0.56,0.56,0.5599999999999999,0.532967032967033,0.97,0.6879432624113475,0.5599999999999999,9.221634864807129
0,"19,16,15,5,23,12,13,10,10,2,16,5,0,15,11",0.56,0.55,0.5575000000000001,0.7,0.21,0.3230769230769231,0.56,10.453958511352539
0,"17,23,15,5,18,16,3,6,15,4,6,17,23,11,11",0.555,0.525,0.5475,0.5291005291005291,1.0,0.6920415224913494,0.555,8.825957298278809
0,"0,16,5,18,4,10,17,15,4,12,14,18,19,10,10",0.54,0.565,0.54625,0.5285714285714286,0.74,0.6166666666666667,0.54,13.868560075759888
0,"16,16,5,16,4,13,17,15,6,12,14,18,19,10,10",0.535,0.57,0.54375,0.7058823529411765,0.12,0.20512820512820512,0.5349999999999999,10.660042524337769
0,"16,18,0,16,15,13,17,3,6,20,15,8,8,9,10",0.535,0.56,0.54125,0.5187165775401069,0.97,0.6759581881533101,0.535,8.29602336883545
0,"6,4,19,18,11,15,3,21,10,5,5,17,18,9,10",0.53,0.555,0.53625,0.6363636363636364,0.14,0.22950819672131148,0.53,14.48104453086853
0,"15,9,11,8,19,13,3,11,13,18,14,15,10,13,12",0.54,0.525,0.53625,0.5238095238095238,0.88,0.6567164179104478,0.54,7.365260601043701
0,"15,9,11,8,19,13,3,11,5,18,14,15,10,13,12",0.535,0.53,0.53375,0.52046783625731,0.89,0.6568265682656826,0.535,6.8615171909332275
0,"5,6,0,19,15,12,13,6,13,15,20,13,15,9,7",0.525,0.535,0.5275000000000001,0.5132275132275133,0.97,0.671280276816609,0.525,8.924274206161499
0,"16,14,15,5,18,16,17,6,17,4,6,17,23,11,11",0.535,0.505,0.5275,0.5191256830601093,0.95,0.6713780918727915,0.5349999999999999,8.053568124771118
0,"5,16,5,16,4,12,17,15,4,12,14,7,19,10,7",0.515,0.565,0.5275,0.6666666666666666,0.06,0.11009174311926606,0.515,7.487538576126099
0,"16,23,16,5,13,18,17,6,17,21,12,20,11,11,5",0.53,0.515,0.52625,1.0,0.06,0.11320754716981132,0.53,8.953835725784302
0,"5,16,5,16,4,12,17,15,6,12,14,7,19,10,7",0.515,0.56,0.52625,0.6666666666666666,0.06,0.11009174311926606,0.515,8.449588060379028
0,"0,16,5,16,4,12,17,15,6,12,14,7,19,10,7",0.5,0.54,0.51,0.5,0.02,0.038461538461538464,0.5,6.8961570262908936
0,"17,4,18,5,4,16,18,15,11,8,8,13,15,0,11",0.5,0.515,0.50375,0.0,0.0,0.0,0.5,7.739773750305176
0,"19,17,17,15,6,12,12,7,19,10,11,11,11,22,7",0.5,0.505,0.50125,0.5,1.0,0.6666666666666666,0.5,11.893050909042358
0,"16,14,15,16,18,15,17,6,15,4,6,17,23,11,11",0.5,0.5,0.5,0.5,1.0,0.6666666666666666,0.5,7.406580924987793
0,"16,14,15,16,18,15,17,6,17,4,6,17,23,11,11",0.5,0.5,0.5,0.0,0.0,0.0,0.5,7.9765050411224365
0,"16,14,15,16,18,15,17,6,15,4,15,17,23,11,11",0.5,0.5,0.5,0.5,1.0,0.6666666666666666,0.5,9.313318729400635
0,"16,14,15,16,18,15,17,22,15,4,6,14,0,11,11",0.5,0.5,0.5,0.5,1.0,0.6666666666666666,0.5,7.337747573852539
0,"19,16,18,16,2,12,17,15,5,12,6,11,10,10,10",0.5,0.5,0.5,0.5,1.0,0.6666666666666666,0.5,8.799886465072632
0,"16,14,15,16,18,15,3,6,17,4,6,17,23,11,11",0.5,0.5,0.5,0.5,1.0,0.6666666666666666,0.5,8.0692880153656
0,"19,16,5,15,4,12,17,15,6,12,14,7,19,10,0",0.5,0.5,0.5,0.5,1.0,0.6666666666666666,0.5,10.354477405548096
0,"16,23,16,5,13,18,17,6,15,21,12,20,11,11,5",0.5,0.5,0.5,0.5,1.0,0.6666666666666666,0.5,8.030401945114136
0,"0,16,5,22,4,17,17,15,6,12,14,18,19,10,11",0.5,0.5,0.5,0.5,1.0,0.6666666666666666,0.5,13.863233804702759
0,"19,17,18,5,4,16,18,15,11,8,8,23,15,0,11",0.5,0.48,0.495,0.5,0.02,0.038461538461538464,0.5,10.815053224563599
0,"0,16,16,22,13,18,16,15,6,16,12,7,11,8,5",0.49,0.5,0.4925,0.494949494949495,0.98,0.6577181208053692,0.49,8.776787757873535
0,"4,17,17,15,6,12,12,7,19,10,11,11,11,22,0",0.36,0.135,0.30375,0.35714285714285715,0.35,0.35353535353535354,0.36,13.570584297180176
0,"0,16,5,21,4,2,17,15,4,12,14,7,19,10,10",0.305,0.29,0.30125,0.25925925925925924,0.21,0.23204419889502761,0.305,12.613472700119019
0,"0,17,17,15,6,12,12,7,19,10,11,11,11,22,0",0.36,0.085,0.29125,0.36538461538461536,0.38,0.37254901960784315,0.36,10.4914071559906
0,"19,17,17,15,6,12,12,7,19,10,11,18,11,22,0",0.325,0.095,0.2675,0.34513274336283184,0.39,0.36619718309859156,0.325,15.601876258850098
